id,source_en,target_ar,domain,status,last_edited,translator,notes
001,Force Majeure,القوة القاهرة,Contract,approved,2023-11-02,A. Mahmoud,
002,Indemnification,تعويض,Contract,pending,2023-12-14,N. Fathi,encoding broken here
003,Indemnify and hold harmless,يعوّض ويبرئ الذمة,Contract,approved,2024-01-09,N. Fathi,
004,Governing Law,القانون الواجب التطبيق,Litigation,approved,2024-02-20,S. Wael,nbsp inside
006,Jurisdiction,الاختصاص القضائي,Litigation,approved,2024-03-01,S.Wael,
007,Arbitration Clause,شرط التحكيم,ADR,approved,2024-03-04,Omar H.,date format off
009,Breach of Contract,اخلال بالعقد,Contract,approved,2024-03-15,A. Mahmoud,mojibake again
012,Liquidated Damages,التعويضات المُقَدَّرة,Contract,review,2024-04-02,N. Fathi,trailing space
013,Termination for Convenience,الإنهاء لدواعي المصلحة,Contract,approved,2024-04-10,S. Wael,
014,Termination for Cause,الإنهاء لسبب,Contract,approved,2024-04-10,S. Wael,
016,Confidentiality Undertaking,تعهّد بالسرية,NDA,approved,2024-05-02,Omar H.,
017,Non-Disclosure Agreement,اتفاقية عدم الإفصاح,NDA,approved,2024-05-02,Omar H.,
017,NDA,اتفاقية عدم افشاء,nda,approved,2024-05-02,omar h,abbrev + variant
018,Representations and Warranties,الإقرارات و الضمانات,Contract,approved,2024-05-20,A. Mahmoud,
020,Severability,قابلية الفصل,Contract,approved,2024-06-01,N. Fathi,
021,Severability Clause,شرط قابلية الفصل,Contract,approved,2024-06-01,N. Fathi,
022,Entire Agreement,كامل الاتفاق,Contract,approved,2024-06-15,S. Wael,
023,Entire Agreement Clause,بند الاتفاق الكامل,Contract,draft,,S. Wael,empty date
024,Waiver,التنازل,Contract,approved,2024-07-01,Omar H.,
025,Waiver of Rights,التنازل عن الحقوق,Contract,approved,2024-07-01,Omar H.,
026,Assignment,الحوالة,Contract,approved,2024-07-12,A. Mahmoud,
027,Assignment and Novation,الحوالة و التجديد,Contract,approved,2024-07-12,A. Mahmoud,
028,Novation,التجديد (تجديد الالتزام),Contract,approved,2024-07-12,A. Mahmoud,paren note in target
029,Consideration,المقابل,Contract,approved,2024-08-01,N. Fathi,
031,Due Diligence,العناية الواجبة,M&A,approved,2024-08-15,S. Wael,
033,Escrow,الضمان المُودَع,M&A,approved,2024-09-01,Omar H.,
034,Escrow Account,حساب الضمان,M&A,approved,2024-09-01,Omar H.,
035,Warranty Disclaimer,إخلاء المسؤولية عن الضمان,Product,approved,2024-09-20,A. Mahmoud,
036,Limitation of Liability,تحديد المسؤولية,Product,approved,2024-09-20,A. Mahmoud,
038,Intellectual Property Rights,حقوق الملكية الفكرية,IP,approved,2024-10-05,N. Fathi,
039,IP Rights,حقوق الملكيه الفكريه,ip,approved,2024-10-05,n fathi,ta marbuta variant
040,Trademark,العلامة التجارية,IP,approved,2024-10-18,S. Wael,
041,Trade Mark,العلامه التجاريه,IP,approved,2024-10-18,S. Wael,spacing variant EN
042,Copyright,حق المؤلف,IP,approved,2024-11-01,Omar H.,
044,Patent,براءة الاختراع,IP,approved,2024-11-15,A. Mahmoud,
045,Patent Application,طلب براءة اختراع,IP,pending,2024-11-15,A. Mahmoud,
046,Injunction,أمر قضائي,Litigation,approved,2024-12-01,N. Fathi,
047,Injunctive Relief,الانتصاف بالأمر القضائي,Litigation,approved,2024-12-01,N. Fathi,
048,Damages,التعويضات,Litigation,approved,2024-12-10,S. Wael,
049,Punitive Damages,التعويضات العقابية,Litigation,approved,2024-12-10,S. Wael,
050,Compensatory Damages,تعويضات جبر الضرر,Litigation,approved,2024-12-10,S. Wael,
051,Plaintiff,المُدَّعِي,Litigation,approved,2025-01-05,Omar H.,
052,Defendant,المُدَّعَى عليه,Litigation,approved,2025-01-05,Omar H.,
053,Counterclaim,الدعوى المضادة,Litigation,approved,2025-01-05,Omar H.,
054,Affidavit,إفادة خطية مشفوعة بيمين,Litigation,approved,2025-01-20,A. Mahmoud,
056,Subpoena,أمر إحضار,Litigation,approved,2025-02-01,N. Fathi,
057,Power of Attorney,توكيل رسمي,Notary,approved,2025-02-10,S. Wael,
059,Notary Public,كاتب العدل,Notary,approved,2025-02-10,S. Wael,
060,Apostille,تصديق الأبوستيل,Notary,approved,2025-02-25,Omar H.,
061,Legalization,التصديق,Notary,approved,2025-02-25,Omar H.,
062,Bona Fide,بحسن نية,Latin,approved,2025-03-01,A. Mahmoud,latin term
064,Pro Rata,بالتناسب,Latin,approved,2025-03-01,A. Mahmoud,
065,Ultra Vires,تجاوز السلطة,Latin,approved,2025-03-01,A. Mahmoud,
067,Estoppel,الإغلاق الحكمي / سقوط الحق,Common Law,approved,2025-03-15,N. Fathi,
068,Tort,الفعل الضار,Common Law,approved,2025-03-15,N. Fathi,
069,Negligence,الإهمال,Common Law,approved,2025-03-15,N. Fathi,
070,Duty of Care,واجب العناية,Common Law,approved,2025-03-15,N. Fathi,
071,Fiduciary Duty,الواجب الائتماني,Common Law,approved,2025-04-01,S. Wael,
072,Good Faith,حسن النية,Contract,approved,2025-04-01,S. Wael,
073,Good Faith and Fair Dealing,حسن النية والتعامل العادل,Contract,approved,2025-04-01,S. Wael,
074,Material Breach,الإخلال الجوهري,Contract,approved,2025-04-12,Omar H.,
075,Anticipatory Breach,الإخلال الاستباقي,Contract,approved,2025-04-12,Omar H.,
076,Condition Precedent,الشرط الواقف,Contract,approved,2025-04-25,A. Mahmoud,
077,Condition Subsequent,الشرط الفاسخ,Contract,approved,2025-04-25,A. Mahmoud,
078,Cure Period,مهلة التصحيح,Contract,approved,2025-05-01,N. Fathi,
079,Grace Period,فترة السماح,Contract,approved,2025-05-01,N. Fathi,
080,Notice Period,مدة الإخطار,Employment,approved,2025-05-10,S. Wael,
081,Probation Period,فترة الاختبار,Employment,approved,2025-05-10,S. Wael,
082,Non-Compete Clause,شرط عدم المنافسة,Employment,approved,2025-05-10,S. Wael,
083,Garden Leave,إجازة الحديقة,Employment,draft,,S. Wael,untranslatable? review
084,Severance Pay,مكافأة نهاية الخدمة,Employment,approved,2025-05-20,Omar H.,
085,Gross Misconduct,سوء السلوك الجسيم,Employment,approved,2025-05-20,Omar H.,
086,Constructive Dismissal,الفصل التعسفي الضمني,Employment,approved,2025-05-20,Omar H.,
088,Data Processing Agreement,اتفاقية معالجة البيانات,Privacy,approved,2025-06-01,A. Mahmoud,
089,Data Controller,المتحكم في البيانات,Privacy,approved,2025-06-01,A. Mahmoud,
090,Data Processor,معالج البيانات,Privacy,approved,2025-06-01,A. Mahmoud,
091,Personal Data,البيانات الشخصية,Privacy,approved,2025-06-15,N. Fathi,
092,Sensitive Data,بيانات حساسة,privacy,approved,2025-06-15,N. Fathi,
093,Consent,الموافقة,Privacy,approved,2025-06-15,N. Fathi,
094,Opt-in / Opt-out,الاشتراك / إلغاء الاشتراك,Privacy,approved,2025-06-15,N. Fathi,
095,Breach Notification,الإخطار بالاختراق,Privacy,approved,2025-06-30,S. Wael,
096,Retention Period,مدة الاحتفاظ,Privacy,approved,2025-06-30,S. Wael,
097,Data Subject,صاحب البيانات,Privacy,approved,2025-06-30,S. Wael,
098,Right to Erasure,الحق في المحو,Privacy,approved,2025-06-30,S. Wael,
099,Right to be Forgotten,الحق في النسيان,Privacy,approved,2025-06-30,S. Wael,
100,Data Portability,قابلية نقل البيانات,Privacy,pending,2025-07-01,,missing translator
